{
  "IsEncrypted": false,
  "Values": {
    "WEBSITE_SLOT_NAME": "Production",
    "FUNCTIONS_EXTENSION_VERSION": "~2",
    "ScmType": "None",
    "WEBSITE_AUTH_ENABLED": "False",
    "APPINSIGHTS_INSTRUMENTATIONKEY": "1f2b8e5e-4583-4af3-adc2-092b60467d4e",
    "WEBSITE_NODE_DEFAULT_VERSION": "10.14.1",
    "WEBSITE_CONTENTAZUREFILECONNECTIONSTRING": "DefaultEndpointsProtocol=https;AccountName=panoramicfuncti8b26;AccountKey=GfrE7UMNTflLf2qOgHw5ElJyYcgazA0zyXV0IAtXB+ewvXsKdoGVY5oaZWDALaICPfDlCcpG8gpHJv48kQItpg==",
    "WEBSITE_CONTENTSHARE": "panoramicfunctionhelper8b26",
    "FUNCTIONS_WORKER_RUNTIME": "dotnet",
    "WEBSITE_SITE_NAME": "PanoramicFunctionHelper",
    "AzureWebJobsStorage": "DefaultEndpointsProtocol=https;AccountName=panoramicfuncti8b26;AccountKey=GfrE7UMNTflLf2qOgHw5ElJyYcgazA0zyXV0IAtXB+ewvXsKdoGVY5oaZWDALaICPfDlCcpG8gpHJv48kQItpg=="
  }
}